{
  "Name": "Polaris DoubleWishbone",
  "Type": "Suspension",
  "Template": "DoubleWishbone",

  "Spindle": {
    "Mass": 0.1,
    "COM": [ 0, 1.116, 0 ],
    "Inertia": [ 0.004117, 0.007352, 0.004117 ],
    "Radius": 0.05,
    "Width": 0.06
  },

  "Upright": {
    "Mass": 30.19178388,
    "COM": [ 0, 1.072, 0 ],
    "Moments of Inertia": [ 0.3256, 0.3834, 0.08367 ],
    "Products of Inertia": [ 0, 0, 0 ],
    "Radius": 0.025
  },

  "Upper Control Arm": {
    "Mass": 3.6933,
    "COM": [ 0.01493, 0.80141, 0.262 ],
    "Moments of Inertia": [ 0.015, 0.015, 0.03276 ],
    "Products of Inertia": [ 0, 0, 0 ],
    "Radius": 0.02,
    "Location Chassis Front": [ 0.161, 0.636, 0.271 ],
    "Location Chassis Back": [ -0.087, 0.631, 0.227 ],
    "Location Upright": [ -0.008, 1.071, 0.088 ]
  },

  "Lower Control Arm": {
    "Mass": 4.6716,
    "COM": [ -0.0728133, 0.78702, 0 ],
    "Moments of Inertia": [ 0.1, 0.1, 0.2938 ],
    "Products of Inertia": [ 0, 0, 0 ],
    "Radius": 0.03,
    "Location Chassis Front": [ 0.047, 0.612, 0.088 ],
    "Location Chassis Back": [ -0.246, 0.608, 0.053 ],
    "Location Upright": [ 0.016, 1.074, -0.082 ]
  },

  "Tierod": {
    "Location Chassis": [ -0.137, 0.613, 0.055 ],
    "Location Upright": [ -0.097, 1.033, -0.088 ]
  },

  "Spring": {
    "Location Chassis": [ -0.053, 0.666, 0.574 ],
    "Location Arm": [ -0.002, 0.932, 0.186 ],
    "Free Length": 0.475653,
    "Spring Curve Data": [
      [ -0.099233471, -28801.48006 ],
      [ -0.091600127, -18620.962037 ],
      [ -0.076333439, -16140.814031 ],
      [ -0.061066751, -12660.666026 ],
      [ -0.045800064, -10772.577222 ],
      [ -0.030533376, -8810.481018 ],
      [ -0.015266688, -8440.444017 ],
      [ 0, -6848.384815 ],
      [ 0.015266688, -6330.333013 ],
      [ 0.030533376, -4886.288611 ],
      [ 0.045800064, -4442.244209 ],
      [ 0.053433408, 6700.370014 ]
    ]
  },

  "Shock": {
    "Location Chassis": [ -0.053, 0.666, 0.574 ],
    "Location Arm": [ -0.002, 0.932, 0.186 ],
    "Damping Curve Data": [
      [ -4, -6250 ],
      [ -0.33, -131 ],
      [ -0.13, -810 ],
      [ 0, 0 ],
      [ 0.13, 1000 ],
      [ 0.33, 1400 ],
      [ 4,  7500 ]
    ]
  },

  "Axle": {
    "Inertia": 0.4
  }
}

