{
  "Name": "Polaris ThreeLinkIRS",
  "Type": "Suspension",
  "Template": "ThreeLinkIRS",
  "Spindle": {
    "Mass": 1.102840393,
    "COM": [ -2.41526, 1.116, 0.33504 ],
    "Inertia": [ 0.005, 0.005, 0.005 ],
    "Radius": 0.05,
    "Width": 0.06
  },

  "Trailing Arm": {
    "Mass": 17.41794701,
    "COM": [ -1.964002, 1.042369656432, 0.1960714931 ],
    "Inertia": [ 0.02, 0.6, 0.6 ],
    "Radius": 0.02,
    "Location Chassis": [ -1.51102, 0.91275, 0.33782 ],
    "Location Spindle": [ -2.4305, 1.09182, 0.322072 ]
  },

  "Upper Link": {
    "Mass": 1.077238454,
    "COM": [ -2.470505, 0.866395, 0.44577 ],
    "Inertia": [ 0.005, 0.05, 0.05 ],
    "Radius": 0.01,
    "Location Chassis": [ -2.48003, 0.62065, 0.48768 ],
    "Location Arm": [ -2.46098, 1.11214, 0.40386 ],
    "Universal Joint Axis": [ 1, 0, 0 ]
  },

  "Lower Link": {
    "Mass": 1.221836688,
    "COM": [ -2.4813, 0.83655, 0.30353 ],
    "Inertia": [ 0.005, 0.05, 0.05 ],
    "Radius": 0.01,
    "Location Chassis": [ -2.4813, 0.55842, 0.3556 ],
    "Location Arm": [ -2.4813, 1.11468, 0.25146 ],
    "Universal Joint Axis": [ 1, 0, 0 ]
  },

  "Spring": {
    "Location Chassis": [ -1.89456, 0.85306, 0.83058 ],
    "Location Arm": [ -2.06728, 0.98641, 0.3683 ],
    "Free Length": 0.561998,
    "Spring Coefficient": 350000.000
  },

  "Shock": {
    "Location Chassis": [ -1.89456, 0.85306, 0.83058 ],
    "Location Arm": [ -2.06728, 0.98641, 0.3683 ],
    "Damping Coefficient": 1500.000
  },

  "Axle": {
    "Inertia": 0.4
  }
}




