{
  "Name": "Polaris DoubleWishbone",
  "Type": "Suspension",
  "Template": "DoubleWishbone",

  "Spindle": {
    "Mass": 0.1,
    "COM": [ 0, 1.116, 0 ],
    "Inertia": [ 0.004117, 0.007352, 0.004117 ],
    "Radius": 0.05,
    "Width": 0.06
  },

  "Upright": {
    "Mass": 30.19178388,
    "COM": [ 0, 1.072, 0 ],
    "Moments of Inertia": [ 0.3256, 0.3834, 0.08367 ],
    "Products of Inertia": [ 0, 0, 0 ],
    "Radius": 0.025
  },

  "Upper Control Arm": {
    "Mass": 3.6933,
    "COM": [ 0.01493, 0.80141, 0.262 ],
    "Moments of Inertia": [ 0.015, 0.015, 0.03276 ],
    "Products of Inertia": [ 0, 0, 0 ],
    "Radius": 0.02,
    "Location Chassis Front": [ 0.141, 0.636, 0.221 ],
    "Location Chassis Back": [ -0.17, 0.631, 0.227 ],
    "Location Upright": [ -0.008, 1.071, 0.088 ]
  },

  "Lower Control Arm": {
    "Mass": 4.6716,
    "COM": [ -0.0728133, 0.78702, 0 ],
    "Moments of Inertia": [ 0.1, 0.1, 0.2938 ],
    "Products of Inertia": [ 0, 0, 0 ],
    "Radius": 0.03,
    "Location Chassis Front": [ 0.047, 0.612, 0.088 ],
    "Location Chassis Back": [ -0.246, 0.608, 0.053 ],
    "Location Upright": [ 0.016, 1.074, -0.082 ]
  },

  "Tierod": {
    "Location Chassis": [ -0.137, 0.613, 0.055 ],
    "Location Upright": [ -0.097, 1.033, -0.088 ]
  },

  "Spring": {
    "Location Chassis": [ -0.053, 0.666, 0.402 ],
    "Location Arm": [ -0.002, 0.832, -0.05 ],
    "Free Length": 0.475653,
    "Spring Coefficient": 500000.000
  },

  "Shock": {
    "Location Chassis": [ -0.053, 0.666, 0.402 ],
    "Location Arm": [ -0.002, 0.832, -0.05 ],
    "Damping Curve Data": [
      [-4, -15000],
      [-1, -5000],
      [-0.5, -3000],
      [-0.1, -1500],
      [-0.01, -150],
      [0, 0],
      [0.01, 150],
      [0.1, 1500],
      [0.5, 3000],
      [1, 5000],
      [4, 15000]
    ]
  },

  "Axle": {
    "Inertia": 0.4
  }
}

