{
  "Name": "Polaris DoubleWishbone",
  "Type": "Suspension",
  "Template": "DoubleWishbone",

  "Spindle": {
    "Mass": 0.1,
    "COM": [ 0, 0.818, 0 ],
    "Inertia": [ 0.004117, 0.007352, 0.004117 ],
    "Radius": 0.05,
    "Width": 0.06
  },

  "Upright": {
    "Mass": 30.19178388,
    "COM": [ 0, 0.572, 0 ],
    "Moments of Inertia": [ 0.3256, 0.3834, 0.08367 ],
    "Products of Inertia": [ 0, 0, 0 ],
    "Radius": 0.025
  },

  "Upper Control Arm": {
    "Mass": 3.6933,
    "COM": [ 0.01493, 0.30141, 0.262 ],
    "Moments of Inertia": [ 0.015, 0.015, 0.03276 ],
    "Products of Inertia": [ 0, 0, 0 ],
    "Radius": 0.02,
    "Location Chassis Front": [ 0.161, 0.136, 0.271 ],
    "Location Chassis Back": [ -0.087, 0.131, 0.227 ],
    "Location Upright": [ -0.008, 0.571, 0.088 ]
  },

  "Lower Control Arm": {
    "Mass": 4.6716,
    "COM": [ -0.0728133, 0.28702, 0 ],
    "Moments of Inertia": [ 0.1, 0.1, 0.2938 ],
    "Products of Inertia": [ 0, 0, 0 ],
    "Radius": 0.03,
    "Location Chassis Front": [ 0.047, 0.112, 0.088 ],
    "Location Chassis Back": [ -0.246, 0.108, 0.053 ],
    "Location Upright": [ 0.016, 0.574, -0.082 ]
  },

  "Tierod": {
    "Location Chassis": [ -0.137, 0.113, 0.055 ],
    "Location Upright": [ -0.097, 0.533, -0.088 ]
  },

  "Spring": {
    "Location Chassis": [ 0.0, 0.35306, 0.5 ],
    "Location Arm": [ 0.0, 0.48641, 0.0 ],
    "Free Length": 0.6, 
    "Spring Coefficient": 75000.000
  },

  "Shock": {
    "Location Chassis": [ 0.0, 0.35306, 0.5 ],
    "Location Arm": [ 0.0, 0.48641, 0.0 ],
    "Damping Coefficient": 20000.000
  },

  "Axle": {
    "Inertia": 0.4
  }
}
